<?xml version="1.0" encoding="UTF-8"?>
<project-private xmlns="http://www.netbeans.org/ns/project-private/1">
    <editor-bookmarks xmlns="http://www.netbeans.org/ns/editor-bookmarks/2" lastBookmarkId="0"/>
    <open-files xmlns="http://www.netbeans.org/ns/projectui-open-files/2">
        <group name="Web">
            <file>file:/C:/GoogleDrive/JavaCode/MilkTeaManagement/build.xml</file>
        </group>
        <group>
            <file>file:/C:/Users/hungd/Downloads/BobaPopMilkTea-master/BobaPopMilkTea-master/MilkTeaManagement/src/BoBaPop/DA/ConnectToMySql.java</file>
            <file>file:/C:/Users/hungd/Downloads/BobaPopMilkTea-master/BobaPopMilkTea-master/MilkTeaManagement/src/BoBaPop/Model/tables/records/VwBilldetailsRecord.java</file>
            <file>file:/C:/Users/hungd/Downloads/BobaPopMilkTea-master/BobaPopMilkTea-master/MilkTeaManagement/src/BoBaPop/Controller/AddNewTable.java</file>
        </group>
    </open-files>
</project-private>
